id,momage,anti90,anti92,anti94,gender,childage,hispanic,black,momwork,married,self90,self92,self94,pov90,pov92,pov94
1,21,1,1,1,1,8,0,0,0,0,21,24,23,1,1,1
2,22,0,0,0,1,8.416667,0,0,1,0,20,24,24,0,0,0
3,18,5,5,5,0,8.083333,0,0,0,1,21,24,24,0,0,0
4,24,2,3,1,0,8.25,0,0,0,0,23,21,21,0,0,0
5,22,1,0,0,1,9.333333,0,0,0,0,22,23,24,0,0,0
6,24,1,1,1,0,8.583333,0,0,0,0,19,21,24,0,0,0
7,23,3,3,4,1,9.25,0,0,1,1,24,16,13,0,0,0
8,18,4,1,1,0,8.5,0,0,0,1,19,22,16,0,0,0
9,24,1,1,0,0,8.083333,0,0,0,0,21,24,20,0,0,0
10,20,4,5,6,0,9.166667,0,0,0,1,9,11,24,0,0,0
11,23,3,3,3,1,8.833333,0,0,1,1,20,23,18,1,0,0
12,20,3,2,3,1,9.166667,1,0,0,1,15,18,20,0,0,0
13,19,3,2,4,0,8.583333,0,0,1,0,23,22,21,1,1,1
14,22,1,3,1,0,8.75,0,0,1,0,21,10,17,0,0,0
15,23,3,4,5,1,9.833333,0,1,0,0,21,19,21,0,0,0
16,20,2,1,2,1,9,0,1,0,0,16,19,15,1,1,1
17,19,1,2,1,0,8.666667,0,1,1,0,18,15,14,1,1,1
18,22,0,2,0,0,9.333333,0,0,1,0,20,17,22,0,0,0
19,18,3,0,3,1,8.166667,0,1,0,0,19,23,18,1,0,1
20,20,5,6,4,0,8.416667,0,0,1,0,13,6,21,0,0,0
21,23,4,4,3,0,9.333333,0,0,0,0,23,24,24,0,0,0
22,24,1,2,3,0,8.583333,0,0,0,1,21,23,24,1,0,0
23,24,0,1,0,1,8,0,0,1,0,20,21,20,0,0,0
24,23,2,3,4,0,9.5,0,0,0,0,24,24,23,0,0,0
25,22,0,0,0,1,9.5,0,0,1,0,23,14,20,0,0,0
26,22,5,3,5,1,8.75,0,0,0,0,18,10,15,0,0,0
27,17,2,1,2,0,9.166667,0,0,1,0,22,24,20,0,0,0
28,21,2,2,3,1,10,0,0,0,0,22,21,16,0,0,0
29,24,1,3,2,0,8.25,1,0,1,0,18,23,24,0,0,0
30,20,0,0,0,1,9.75,0,0,1,0,20,14,23,0,0,0
31,25,1,1,0,1,8,0,0,1,0,21,19,22,0,0,0
32,19,4,4,6,1,8.916667,0,0,0,1,24,24,23,1,0,0
33,18,2,2,1,0,9.75,0,0,0,1,21,20,19,0,0,0
34,19,3,4,3,0,9.833333,0,0,0,0,22,22,17,0,0,0
35,21,3,3,5,1,8.416667,0,0,0,0,19,21,23,0,0,0
36,19,0,0,0,1,9.25,1,0,0,0,20,19,24,0,0,0
37,22,0,0,0,1,8.166667,0,1,0,1,19,21,20,1,1,1
38,19,4,4,5,0,9.75,0,0,1,1,21,22,22,1,1,1
39,22,2,0,0,1,8.666667,0,0,0,0,21,18,21,0,0,0
40,21,0,0,0,1,9,0,0,1,1,20,24,24,1,1,1
41,18,1,2,4,1,9.416667,0,0,1,0,24,20,9,0,0,0
42,19,1,0,0,1,8.583333,0,0,0,1,22,21,24,1,0,1
43,22,2,0,1,0,9.333333,0,0,0,0,24,23,24,0,0,0
44,25,0,0,0,1,8.666667,0,0,1,0,24,24,22,0,0,0
45,22,0,1,1,0,9.25,0,0,0,0,19,21,21,0,0,0
46,24,1,0,0,0,8.5,0,0,1,0,24,20,24,0,0,0
47,23,1,4,5,1,8.5,0,1,1,0,24,19,21,1,1,0
48,22,3,4,4,1,9.916667,0,0,1,0,19,16,18,0,0,0
49,24,3,1,3,0,8.166667,0,0,0,1,24,24,22,1,1,1
50,22,1,1,0,0,9.083333,0,1,0,1,24,24,24,0,0,0
51,23,0,0,0,1,8.083333,0,1,0,1,21,16,24,0,0,0
52,19,1,0,1,0,10,0,1,0,0,17,12,23,0,0,0
53,16,2,2,0,1,9.666667,0,0,1,1,24,23,24,1,0,1
54,23,0,0,1,0,8.833333,0,1,1,0,21,23,17,1,0,1
55,20,5,3,5,0,8.916667,0,1,0,0,20,22,24,1,1,1
56,17,0,1,0,1,8.583333,0,1,0,0,19,20,24,0,0,0
57,21,2,1,2,1,8.916667,0,1,0,0,16,24,24,1,0,0
58,21,5,3,1,0,9.166667,0,1,0,0,15,19,20,0,0,0
59,24,3,3,4,0,8.25,0,0,0,0,20,24,13,0,0,0
60,24,0,1,1,1,8.083333,0,0,1,0,17,16,17,1,1,0
61,23,2,3,0,1,8.833333,0,0,1,0,13,19,24,0,1,1
62,18,3,2,1,1,8.083333,0,0,0,1,20,17,23,1,1,1
63,18,0,3,3,0,8.916667,0,0,0,0,22,19,22,0,0,0
64,23,1,1,0,1,9.666667,0,1,1,0,22,21,20,1,1,0
65,20,2,2,1,1,8.666667,0,1,0,0,24,22,24,1,0,1
66,22,1,1,0,1,9.75,0,0,1,0,24,17,24,0,0,0
67,23,1,1,1,1,8.583333,0,0,1,0,19,17,19,0,0,0
68,21,0,0,0,1,8.75,0,0,0,0,24,19,22,0,0,0
69,19,4,0,3,0,8.416667,0,0,0,0,19,21,21,0,0,0
70,20,2,2,2,1,9.416667,1,0,0,1,20,20,19,1,1,1
71,19,0,0,0,0,9.416667,0,0,1,1,24,14,20,1,0,0
72,19,0,2,2,1,9.916667,1,0,0,0,17,16,16,0,1,0
73,23,2,0,5,1,8.833333,0,0,0,0,22,21,23,0,0,1
74,18,0,0,0,1,8.75,1,0,0,0,24,19,19,0,1,0
75,16,0,3,3,0,9.916667,0,1,1,0,21,19,23,0,1,0
76,17,0,1,0,0,9.083333,0,0,1,0,21,22,21,0,0,0
77,20,1,2,3,1,9.916667,0,0,0,0,23,24,24,0,0,0
78,23,0,0,1,1,8.833333,0,0,0,0,22,21,21,0,0,0
79,20,2,4,1,0,8.916667,0,1,0,1,18,24,24,0,1,0
80,17,3,3,0,1,8.5,0,0,1,0,15,14,20,0,1,0
81,22,0,0,0,0,8.833333,1,0,0,0,24,24,24,0,0,0
82,23,0,1,0,1,8.666667,0,0,0,0,22,24,24,0,0,0
83,20,4,3,4,0,9.25,0,0,1,0,19,19,14,0,0,0
84,21,3,3,1,1,9.25,0,0,1,0,20,22,19,1,1,1
85,24,3,2,0,1,8.916667,0,0,0,0,24,22,24,0,0,0
86,23,0,0,1,1,9.583333,0,0,1,1,24,24,24,1,1,0
87,23,0,1,0,0,9.916667,0,0,1,0,21,24,22,0,0,0
88,24,4,2,3,0,8.166667,0,0,0,0,24,22,17,0,0,0
89,22,2,2,4,1,8.416667,0,0,1,1,21,23,21,1,0,0
90,17,1,1,3,1,8.25,1,0,0,0,17,22,22,0,0,0
91,19,4,5,4,0,8.916667,0,0,0,1,14,12,23,0,0,1
92,20,0,0,0,1,9.5,0,1,0,0,21,24,21,0,1,0
93,21,2,1,2,0,8.5,1,0,0,0,21,18,21,0,0,1
94,23,2,1,3,0,8.083333,0,0,0,0,24,21,24,0,0,0
95,18,2,3,2,1,10,0,0,0,0,14,23,15,0,1,1
96,17,2,0,0,1,9.916667,0,0,1,1,19,23,24,0,0,0
97,18,0,0,0,1,8.583333,0,0,1,1,24,24,24,0,0,0
98,20,0,0,0,1,9.25,0,0,0,0,21,17,20,0,0,0
99,19,0,0,0,0,9.666667,0,1,1,1,21,24,21,1,1,1
100,20,3,3,1,1,8.25,1,0,0,0,20,23,24,0,0,0
101,24,2,0,1,1,9,0,0,1,0,20,20,23,0,0,0
102,22,0,0,1,0,8.916667,0,0,0,0,18,17,19,0,0,0
103,23,2,2,1,1,9.833333,0,0,0,0,21,21,18,0,0,0
104,24,1,0,1,1,8.166667,0,0,0,0,19,16,13,0,0,0
105,20,1,2,5,1,9.083333,0,0,0,0,23,22,18,0,0,0
106,24,0,0,0,0,9.166667,0,0,0,0,23,24,23,0,0,0
107,19,0,1,2,0,9.75,0,0,0,0,23,20,24,0,0,0
108,21,0,1,1,1,8,0,0,0,0,21,12,16,0,0,0
109,20,0,0,0,1,8.666667,0,0,1,1,24,21,19,1,1,1
110,21,0,0,0,0,8.25,0,0,0,0,24,23,24,0,0,0
111,24,3,2,6,1,8.083333,0,0,0,1,10,13,17,1,1,0
112,19,0,0,1,0,9.083333,0,0,0,0,24,20,22,0,0,0
113,20,2,0,1,1,8.416667,0,0,0,0,21,21,19,0,0,0
114,24,0,0,0,0,9,0,0,1,0,21,18,18,0,0,0
115,25,0,1,0,1,8.25,0,0,0,0,19,20,24,0,0,0
116,23,3,4,1,1,8.916667,0,0,0,0,22,24,21,0,0,0
117,20,1,2,2,0,8.166667,0,0,0,0,23,21,19,0,0,0
118,17,1,0,3,0,9.916667,0,0,0,0,24,22,24,0,0,1
119,22,0,0,0,1,8.166667,0,0,1,0,23,20,22,0,0,0
120,23,1,3,3,1,9.5,0,0,0,0,16,20,19,0,0,1
121,18,1,3,3,0,9.833333,0,0,0,1,20,22,21,1,1,0
122,20,1,0,0,1,9,0,0,0,0,21,24,19,0,0,0
123,20,0,3,1,0,8,0,1,0,0,22,21,22,0,0,0
124,18,4,4,4,0,9.083333,0,1,1,0,17,20.4,20,1,1,1
125,17,2,5,3,0,9.166667,1,0,0,1,22,17,19,0,0,0
126,19,1,1,2,1,10,0,1,0,0,22,22,20,0,0,1
127,21,3,4,3,0,9.166667,0,1,1,0,19,17,21,1,1,1
128,23,4,3,4,0,9.333333,0,0,1,0,22,22,17,1,1,1
129,23,1,0,2,1,8.416667,0,0,1,0,21,15,20,0,0,0
130,16,6,4,4,0,9.833333,0,1,1,0,20,21,20,1,1,0
131,22,1,0,1,0,8.75,0,0,0,0,24,24,21,0,0,0
132,19,1,0,0,0,8.083333,0,0,1,0,24,24,23,0,0,0
133,22,1,0,0,1,9.666667,0,0,0,0,24,19,21,0,0,0
134,20,2,0,0,0,9.333333,0,0,0,1,16,12,17,1,1,0
135,23,0,0,0,0,9,0,0,0,1,19,21,24,0,0,0
136,17,0,0,0,1,8.666667,0,0,0,1,18,17,24,0,0,0
137,24,2,1,0,0,9,0,0,0,0,22,20,20,0,0,0
138,17,5,4,1,0,8.833333,0,0,1,1,18,23,21,1,1,0
139,18,1,0,0,0,9.166667,0,0,0,0,20,23,22,0,0,0
140,18,0,2,2,1,8.833333,0,0,0,0,20,18,13,0,0,0
141,20,2,0,0,1,9.75,0,0,0,0,22,24,24,0,0,1
142,18,1,0,0,0,9.25,1,0,0,1,22,24,23,0,0,0
143,19,0,0,0,0,8.75,1,0,0,1,19,13,20,1,1,1
144,17,4,4,5,1,9.833333,1,0,1,0,19,16,20,1,1,1
145,22,0,1,2,1,8.833333,1,0,0,0,24,18,24,0,0,0
146,20,5,5,6,0,9,1,0,1,0,22,14,24,1,0,0
147,18,3,5,5,0,9.75,1,0,0,0,19,8,20,0,0,0
148,20,1,1,3,0,9.583333,1,0,0,0,21,24,24,0,0,0
149,19,2,1,3,0,9.416667,0,0,1,0,23,24,19,0,0,0
150,16,0,0,2,1,10,0,0,0,1,19,22,20,0,0,0
151,19,1,2,4,0,9.833333,0,0,0,0,14,16,16,0,0,0
152,22,0,0,0,0,8.333333,0,0,0,0,23,23,24,0,0,0
153,24,1,1,0,1,8.583333,0,0,0,0,21,23,24,0,0,0
154,20,4,3,3,0,9.583333,0,1,1,0,20,23,23,0,0,0
155,23,1,0,0,1,8,0,0,1,0,21,22,24,0,0,1
156,24,1,2,2,0,8.166667,0,1,0,1,18,24,22,0,1,1
157,19,0,0,5,1,9.5,0,1,0,1,18,24,16,1,1,0
158,23,0,0,0,0,8.333333,0,0,0,0,23,23,24,0,0,0
159,20,4,4,3,1,9.25,0,0,0,0,24,18,16,1,1,1
160,22,0,0,0,0,9.833333,0,0,0,0,20,18,18,0,0,0
161,22,2,0,5,1,9.333333,1,0,1,0,20,24,18,1,1,1
162,24,0,0,0,0,8.833333,0,0,0,0,22,24,19,0,0,0
163,23,0,0,0,1,9.666667,1,0,1,1,18,21,16,1,1,0
164,24,1,0,0,0,8.416667,1,0,1,1,17,23,24,1,1,0
165,18,1,3,4,0,9.833333,0,0,0,0,22,20,17,0,0,0
166,23,1,0,3,0,8.75,0,0,0,0,23,21,22,0,0,0
167,23,3,4,6,0,9.75,0,1,0,0,23,22,19,1,1,0
168,17,0,1,0,1,8.083333,0,1,1,0,23,24,24,1,0,0
169,19,2,3,4,0,8.166667,0,0,0,0,21,24,20,0,0,0
170,19,1,1,4,1,8.166667,0,0,0,1,21,23,18,0,0,0
171,23,4,2,5,1,8.416667,0,0,1,0,22,24,24,0,0,0
172,17,0,1,0,0,9.666667,0,1,0,1,20,23,20,0,0,1
173,18,0,0,0,0,8.166667,0,1,0,1,21,22,23,0,0,1
174,24,2,4,3,1,8,0,1,0,0,24,24,24,1,1,1
175,25,0,1,1,1,8.666667,0,0,0,0,23,21,20,0,0,0
176,22,1,0,0,0,9.916667,0,0,0,0,19,24,24,0,0,0
177,19,3,4,4,1,9.25,0,0,0,0,21,20,16,0,0,0
178,22,1,3,2,0,8.833333,0,1,0,0,20,19,10,0,0,0
179,17,1,0,0,1,9.583333,0,0,0,0,19,19,16,0,0,0
180,23,0,1,0,1,9.083333,0,0,1,0,16,19,14,0,0,0
181,22,2,4,3,0,8.083333,0,0,0,0,20,21,20,0,0,0
182,21,4,3,3,0,9.916667,0,0,1,0,22,21,23,1,0,0
183,20,4,2,5,0,9.666667,0,0,1,0,22,24,24,0,0,0
184,22,1,1,2,1,9.75,0,0,0,0,18,21,16,0,0,0
185,21,0,0,1,1,9.166667,0,0,0,0,21,19,23,0,0,0
186,20,3,1,3,0,9.583333,0,0,1,0,19,22,17,1,1,1
187,19,0,0,2,0,9.416667,0,0,0,0,17,19,18,0,0,0
188,21,3,2,3,0,8.416667,0,1,0,0,23,24,24,1,1,1
189,21,0,0,1,0,9.583333,1,0,0,1,24,24,20,1,1,1
190,22,0,0,2,1,8.666667,1,0,0,1,16,24,18,1,1,1
191,21,2,3,1,0,9,0,0,0,0,19,20,23,0,0,0
192,22,0,0,2,0,8.916667,0,0,0,0,22,24,24,0,0,0
193,23,4,3,3,0,9.333333,0,0,0,0,18,21,22,1,0,1
194,20,0,0,0,1,8.416667,0,0,0,0,24,24,21,0,0,0
195,23,0,0,0,0,9.916667,0,0,1,0,24,24,24,0,0,0
196,23,3,2,2,1,8.583333,0,1,0,0,18,19,24,1,1,1
197,20,1,1,1,0,9,0,1,0,1,18,19,19,1,1,0
198,19,0,2,0,0,9.5,0,0,0,0,16,19,15,0,0,0
199,22,3,0,3,1,8.5,0,0,0,0,17,23,23,0,0,0
200,20,4,3,3,1,10,0,0,1,1,17,15,21,1,0,0
201,23,2,1,2,0,9,0,1,1,0,21,19,19,0,1,1
202,22,4,4,3,0,8.416667,0,1,1,0,15,24,21,0,0,0
203,23,6,5,0,0,8.5,0,0,0,1,20,11,12,0,0,0
204,22,2,0,0,0,8.833333,0,1,0,1,21,23,24,0,0,0
205,19,1,1,1,0,9.083333,0,0,0,1,24,19,20,0,0,1
206,23,0,0,0,0,9.666667,0,0,1,0,22,24,22,0,0,0
207,18,5,3,4,0,8.833333,0,0,0,0,22,22,21,0,0,0
208,23,0,2,1,0,8.916667,0,0,1,0,22,22,24,0,0,0
209,23,0,0,0,0,8.166667,0,1,0,0,19,20,22,0,0,0
210,19,0,2,0,1,9.333333,0,1,0,0,21,22,23,0,0,0
211,23,2,2,0,0,9.75,0,1,1,0,17,19,20,1,1,1
212,17,3,3,4,1,9.916667,0,1,0,0,20,21,15,1,1,1
213,19,2,0,1,1,9.416667,0,0,0,0,24,22,22,0,0,0
214,23,1,0,0,1,9.75,0,0,0,0,17,12,16,0,0,0
215,21,0,0,1,1,8.5,0,0,1,0,19,22,24,0,0,0
216,23,0,0,1,0,8.166667,0,0,0,1,17,17,24,0,0,0
217,21,1,1,2,1,9,0,1,0,0,23,19,15,0,0,1
218,18,0,0,0,0,9.083333,1,0,0,1,16,23,20,1,1,1
219,23,3,2,1,0,9.083333,0,0,1,0,24,24,23,0,1,1
220,19,3,5,4,0,9.916667,0,1,1,0,24,15,24,0,0,0
221,21,1,1,1,0,8.166667,0,1,1,0,17,24,23,0,0,0
222,24,0,0,1,1,8.5,0,0,0,0,22,23,24,0,0,0
223,20,2,3,3,0,9.166667,0,0,1,0,18,21,19,0,0,0
224,21,3,4,2,0,8.083333,0,0,1,0,16,22,22,0,0,0
225,22,0,2,2,1,9.833333,0,0,0,0,23,23,15,0,0,1
226,24,0,2,3,0,8.416667,0,0,0,0,24,24,17,0,0,1
227,22,1,2,1,0,9.083333,0,0,0,1,20,22,20,1,0,0
228,23,1,4,3,0,9.333333,1,0,1,1,22,20,19,1,1,1
229,19,1,0,4,0,9.666667,0,0,1,0,24,22,21,0,0,0
230,20,2,3,2,0,8.416667,0,0,0,0,21,22,23,0,0,0
231,22,0,2,6,1,8.5,0,0,1,0,20,22,19,1,1,1
232,22,1,2,6,1,8.5,0,0,1,0,23,17,16,1,1,1
233,20,5,4,6,0,9.833333,0,1,0,1,19,24,16,1,1,1
234,20,4,4,2,0,9.166667,1,0,0,1,19,21,21,1,0,0
235,17,2,1,1,0,10,1,0,0,0,20,12,13,0,0,0
236,21,2,1,4,0,9.583333,0,0,0,0,20,17,20,0,0,0
237,21,4,3,6,1,8.25,0,0,0,1,20,24,21,1,1,1
238,21,2,4,1,0,9.833333,0,0,0,0,24,23,21,0,0,0
239,21,2,2,1,1,9.083333,0,0,0,0,21,19,17,0,0,0
240,21,1,0,0,0,8.833333,0,1,0,0,20,20,20,0,0,0
241,20,3,3,3,0,10,0,0,0,0,13,24,22,0,0,0
242,22,2,2,1,1,8.416667,0,0,0,0,22,22,19,0,0,0
243,20,6,3,3,1,8,0,0,1,1,14,20,20,1,1,0
244,23,0,0,0,0,9.166667,0,0,0,0,21,22,24,0,0,0
245,20,0,0,1,1,8.75,0,0,0,1,14,21,18,0,0,0
246,19,1,1,1,1,8.333333,0,0,0,0,21,18,18,1,0,0
247,17,0,0,0,1,9.666667,0,0,0,1,21,22,23,1,1,1
248,21,1,0,1,1,8,0,0,0,0,18,8,11,0,0,1
249,19,0,1,1,0,8.166667,0,0,0,0,24,23,20,0,0,1
250,20,0,2,3,1,8.416667,0,0,1,0,17,16,17,0,0,0
251,20,3,3,5,1,9.333333,0,0,1,0,18,23,12,0,0,1
252,23,2,0,0,1,8.583333,0,0,0,1,22,24,20,0,0,0
253,21,3,4,3,1,9.75,0,1,0,0,20,19,23,0,0,0
254,21,0,0,0,1,8.416667,0,0,0,0,19,24,22,0,0,0
255,24,0,0,0,0,8.833333,0,0,0,0,23,24,24,0,0,0
256,22,1,1,1,1,8.083333,0,0,0,0,18,23,20,0,0,0
257,25,2,1,0,1,8.166667,0,0,1,0,22,18,22,0,0,1
258,17,0,1,3,0,9.166667,0,0,0,0,24,24,24,1,0,0
259,18,0,0,1,1,8,0,0,0,0,23,24,22,1,0,0
260,22,0,1,0,1,9.333333,0,0,0,0,24,24,24,0,0,0
261,20,3,1,1,1,8.416667,0,0,0,1,15,21,21,0,0,0
262,23,1,2,5,0,9.75,0,0,0,0,24,24,24,0,0,0
263,23,3,2,1,0,8.916667,0,0,0,1,21,24,22,1,0,0
264,19,2,5,4,0,8.083333,0,0,0,0,21,19,23,0,0,0
265,25,0,1,0,1,8.083333,0,0,1,0,23,21,23,0,0,0
266,22,0,0,0,1,9.666667,0,0,1,0,20,23,23,0,0,0
267,19,1,3,2,0,9.25,1,0,0,0,15,19,22,0,0,0
268,20,4,3,2,0,8.083333,1,0,0,0,15,11,24,0,0,0
269,18,0,0,0,1,9.75,0,0,1,0,21,19,20,1,1,0
270,20,1,0,0,0,9.833333,0,0,0,0,24,22,22,1,1,0
271,18,1,1,1,1,9.75,0,0,0,0,22,21,21,0,0,0
272,22,0,1,1,1,9.75,0,0,1,0,14,19,18,0,0,0
273,23,2,0,0,1,9.5,0,0,1,0,20,23,23,0,0,0
274,23,6,5,6,0,8.666667,0,0,0,0,24,24,23,1,1,1
275,22,2,1,1,0,9,0,0,0,0,23,24,24,0,0,0
276,20,4,3,3,0,8.166667,0,0,0,0,22,17,24,0,0,0
277,20,1,1,1,0,9.25,0,0,1,0,21,23,24,0,0,0
278,23,1,1,0,0,9.916667,0,0,0,0,20,15,16,0,0,0
279,20,3,3,3,0,10,0,0,0,0,24,24,20,0,0,0
280,17,2,1,1,0,8.5,0,0,0,0,16,21,21,0,1,1
281,19,3,3,5,0,9.5,0,0,1,0,24,24,24,1,1,1
282,19,0,2,0,1,9.333333,0,0,0,0,24,24,24,0,0,0
283,22,2,0,1,1,8.25,0,0,0,0,24,18,22,0,0,0
284,20,3,3,1,0,8,0,1,0,0,19,24,24,0,1,1
285,23,1,1,1,0,9.666667,0,0,0,0,18,22,20,0,0,0
286,24,1,0,0,1,9.083333,0,0,0,0,15,19,18,0,0,0
287,23,0,0,1,1,9,0,0,0,0,21,24,18,0,0,0
288,24,0,0,0,0,8,0,0,0,0,21,20,18,0,0,0
289,22,3,0,1,1,8.583333,0,0,1,0,20,20,17,0,0,0
290,17,2,4,5,1,8.166667,0,1,0,0,17,14,18,0,1,0
291,19,0,0,2,0,8.583333,0,0,0,0,14,19,23,0,0,0
292,19,0,0,2,1,8.583333,0,0,0,1,23,24,19,1,1,1
293,21,1,0,1,1,9.583333,0,0,0,1,14,24,12,0,0,0
294,21,2,2,3,1,9.25,0,0,0,0,23,24,14,0,0,0
295,18,2,3,3,0,9,0,0,1,0,24,23,17,0,0,0
296,21,1,1,0,0,8.833333,1,0,0,0,13,18,23,0,0,0
297,19,1,6,4,1,9.583333,1,0,0,0,17,23,22,1,1,0
298,19,1,1,0,1,8.166667,1,0,0,0,18,23,23,1,1,0
299,19,1,0,0,0,9.916667,1,0,0,0,16,23,24,1,1,0
300,21,4,5,3,0,8,1,0,0,0,12,24,24,1,1,0
301,23,0,1,4,0,8.75,1,0,0,0,21,20,22,0,0,1
302,22,3,3,4,1,9,1,0,0,1,12,16,22,0,0,1
303,22,0,0,0,1,8.416667,1,0,1,0,17,18,24,0,0,0
304,24,1,3,3,0,8.5,1,0,0,0,24,19,24,0,0,0
305,19,4,4,6,0,8.25,1,0,1,0,22,24,21,0,0,0
306,19,2,0,2,0,8.166667,1,0,1,0,14,20,20,0,0,0
307,19,0,0,0,1,8.833333,1,0,0,0,24,20,24,0,0,0
308,20,2,0,0,0,8,0,1,0,0,24,20,19,0,0,0
309,22,2,3,3,1,9.333333,0,1,1,0,22,16,22,0,0,1
310,18,5,4,6,0,10,0,1,0,0,24,22,15,1,0,1
311,19,0,0,0,1,8.666667,0,1,0,0,21,23,21,0,1,0
312,19,2,3,0,0,9.25,0,1,0,0,17,21,24,1,1,1
313,23,1,2,2,1,9.25,0,1,1,0,24,20,23,1,1,1
314,20,1,1,1,1,8.25,0,1,1,0,20,23,19,1,1,1
315,17,1,0,0,0,9.916667,0,1,1,1,23,20,23,1,1,1
316,20,3,2,1,0,9,0,1,1,0,21,19,24,1,1,1
317,21,1,0,1,0,9.833333,1,0,0,0,21,24,19,0,0,0
318,23,1,2,0,1,8,1,0,0,0,22,17,15,0,0,0
319,19,1,3,2,0,9.583333,0,1,0,0,21,23,19,1,1,0
320,21,2,2,4,0,8.083333,0,1,0,0,21,21,18,1,1,0
321,19,1,3,2,0,8.333333,0,1,0,0,18,14,18,1,0,0
322,20,1,2,2,1,9.083333,0,1,1,1,15,17,21,1,1,0
323,21,1,1,2,1,8.583333,0,1,1,0,24,23,24,0,0,0
324,23,0,1,2,0,9.333333,0,1,0,0,22,23,24,0,0,0
325,18,0,2,2,1,8,0,1,1,0,18,22,19,0,0,0
326,23,3,1,4,0,8.833333,0,1,0,1,19,23,22,1,0,1
327,21,2,0,1,1,8.666667,0,1,0,1,14,18,24,1,1,1
328,19,5,5,6,0,9.166667,0,1,0,0,15,18,19,1,0,1
329,23,2,0,1,1,9.833333,0,1,0,1,22,22,21,1,0,0
330,24,0,0,0,0,8.833333,0,1,0,1,12,23,24,1,0,0
331,22,1,4,4,0,9.833333,0,1,0,1,18,22,20,0,0,1
332,21,0,1,1,0,8,0,1,0,0,19,19,20,0,0,0
333,21,3,2,2,1,8.166667,0,1,0,1,18,17,13,1,0,1
334,23,4,4,2,1,9,0,1,0,0,18,21,14,0,0,0
335,20,1,0,1,1,9.166667,0,1,0,0,20,23,23,0,0,0
336,17,0,4,0,1,9.333333,0,1,0,1,21,13,23,1,1,0
337,19,1,1,5,1,9.833333,0,1,0,0,16,22,22,1,1,1
338,23,5,6,4,1,9.25,0,1,0,0,17,14,20,0,0,1
339,24,2,2,3,0,8.333333,0,1,0,0,22,21,19,0,0,1
340,18,2,2,5,0,10,0,1,0,1,19,23,20,1,1,1
341,19,2,1,2,1,9.75,0,1,0,0,21,24,23,1,1,0
342,22,1,1,0,1,8.25,0,1,0,0,21,20,24,0,0,0
343,20,1,4,2,0,9.166667,0,1,0,1,18,11,22,1,0,1
344,18,0,1,1,1,9.666667,0,1,0,0,18,20,19,0,1,0
345,19,3,4,4,0,8.75,0,1,0,1,18,16,12,1,1,0
346,17,3,2,2,1,9,0,1,1,0,17,23,24,1,1,1
347,22,3,1,2,1,8.166667,0,1,1,0,24,21,13,1,1,1
348,22,3,6,6,0,9.666667,0,1,1,0,21,20,24,0,1,1
349,22,3,0,0,0,8.583333,0,1,1,0,20,24,24,1,1,1
350,19,1,1,0,0,8.083333,0,1,0,1,21,18,22,1,0,0
351,21,0,1,1,1,8.333333,0,1,1,0,20,24,18,1,1,1
352,16,1,0,0,0,9.833333,0,1,0,0,24,24,23,0,1,1
353,18,2,2,2,0,8.75,0,1,0,0,17,24,23,0,1,0
354,23,2,1,2,0,8.083333,0,1,0,0,24,24,24,0,0,1
355,20,2,0,0,0,9.083333,0,1,1,0,21,18,21,1,1,1
356,18,1,0,0,1,8.583333,0,1,0,0,14,18,16,0,0,0
357,18,5,4,2,0,9.666667,0,1,0,0,20,20,20,1,1,1
358,22,4,6,2,1,8.75,0,1,1,1,15,18,20,1,1,1
359,23,0,2,2,1,8.5,0,1,0,1,23,18,21,1,1,1
360,17,3,1,4,0,9.166667,0,1,0,0,14,23,21,0,0,1
361,23,1,0,0,1,8.833333,1,0,0,1,18,15,14,1,0,0
362,22,2,1,0,1,8.916667,0,1,1,1,18,21,21,1,1,1
363,19,2,3,2,0,8,1,0,1,1,22,24,23,0,0,0
364,20,0,5,3,0,9.5,0,1,0,0,19,18,18,1,0,0
365,21,1,0,1,1,9.166667,1,0,0,1,17,16,17,1,1,0
366,24,0,0,0,1,8.25,1,0,0,0,12,18,21,0,0,0
367,22,0,1,0,1,9.083333,0,1,0,1,14,12,16,0,0,0
368,18,2,1,0,0,8.333333,0,1,1,0,23,23,19,1,1,1
369,20,1,1,1,1,9.416667,0,1,1,0,21,23,22,1,1,1
370,21,1,2,3,1,8.75,1,0,1,0,24,21,22,1,1,1
371,23,1,1,2,1,8.666667,0,1,0,0,22,23,23,0,0,0
372,20,2,1,1,1,9.75,0,1,0,0,17,18,24,0,1,1
373,21,5,3,5,0,8.333333,0,1,0,0,20,23,24,0,1,1
374,24,2,6,3,1,8.25,0,1,0,0,24,12,17,0,0,1
375,21,1,0,0,0,8.916667,0,1,0,1,21,22,21,0,0,0
376,23,0,0,0,0,8.916667,0,1,0,1,17,18,22,0,0,0
377,22,0,1,1,1,8.916667,0,1,0,0,23,24,24,1,0,0
378,21,2,3,0,0,9.083333,0,1,0,0,21,21,24,1,1,1
379,19,0,0,2,1,9.166667,0,1,0,0,22,23,24,0,0,0
380,17,1,3,2,1,9.916667,1,0,1,1,24,19,21,1,1,0
381,20,4,3,3,0,8.25,0,1,0,1,18,21,21,0,0,1
382,19,1,3,1,1,8.666667,0,1,1,0,18,24,23,1,1,1
383,21,5,5,4,1,9.333333,0,1,1,1,20,17,19,1,1,1
384,22,5,5,6,1,8,0,1,1,1,23,21,16,1,1,1
385,23,4,5,6,0,9.5,0,1,0,1,17,22,20,1,1,0
386,19,4,6,3,0,8.166667,0,1,1,0,20,23,17,1,1,1
387,18,0,1,0,0,9.25,0,1,0,0,23,24,24,1,1,1
388,17,1,2,2,1,8.333333,0,1,0,0,16,23,24,1,1,1
389,22,5,2,2,0,9.083333,0,1,0,0,20,23,22,0,0,1
390,22,2,4,6,1,9.333333,0,1,1,1,22,11,12,1,1,1
391,20,1,2,0,0,9.166667,0,1,0,0,21,19,13,0,0,0
392,20,0,0,1,1,9.833333,0,1,1,0,24,20,22,0,0,0
393,21,3,3,4,0,8.75,0,1,1,0,22,24,24,0,0,0
394,18,0,2,2,1,8.583333,0,1,0,0,12,22,21,0,0,0
395,19,0,1,2,0,8.25,0,1,1,0,11,23,21,0,0,0
396,18,2,3,2,1,9,0,1,0,0,16,17,23,0,0,0
397,21,4,5,5,0,9.25,0,1,1,0,24,21,24,1,1,1
398,18,0,1,0,1,9.416667,0,1,0,0,22,21,24,1,1,0
399,18,2,2,1,0,8.25,0,1,0,0,16,20,20,0,1,1
400,22,2,1,2,1,9.416667,0,1,0,1,23,20,21,0,0,0
401,20,1,1,1,1,8,0,1,0,0,24,22,23,0,0,0
402,17,2,1,1,1,8.916667,0,1,0,0,22,22,18,1,1,1
403,22,0,1,0,1,8.166667,0,1,0,0,24,24,21,1,0,0
404,21,0,0,0,1,8,1,0,0,0,23,18,24,0,0,0
405,24,0,0,3,1,9.25,1,0,0,1,21,16,23,0,0,0
406,24,3,2,2,0,8.583333,0,1,0,1,17,24,20,1,0,0
407,24,4,1,3,1,8.666667,0,1,0,0,22,17,23,0,0,0
408,19,0,1,1,1,8.833333,0,1,1,0,23,24,21,1,1,1
409,19,4,4,4,0,9.583333,0,1,0,1,22,21,21,1,1,0
410,16,0,1,1,0,9.583333,0,1,0,0,23,23,23,0,0,1
411,19,4,4,2,0,8.333333,1,0,1,1,20,11,19,1,0,0
412,22,2,2,4,1,10,0,1,0,1,19,22,24,0,0,0
413,19,1,1,2,1,8.083333,1,0,0,0,19,24,20,0,0,0
414,19,3,3,4,0,8.916667,1,0,1,0,20,19,24,1,0,0
415,20,0,0,0,1,8.583333,1,0,0,0,23,23,19,0,0,0
416,22,0,0,0,0,9.416667,1,0,0,0,15,22,20,0,0,0
417,19,1,3,1,1,8,0,1,0,0,22,12,9,0,0,1
418,17,3,2,5,0,9.916667,0,1,1,0,11,14,17,1,1,1
419,18,1,2,5,0,8.833333,0,1,1,0,21,18,17,1,1,1
420,18,0,1,2,1,8.333333,1,0,1,0,21,23,22,1,1,1
421,20,0,0,0,0,9.5,1,0,1,0,15,16,14,0,1,1
422,23,2,3,1,1,9.333333,0,1,1,0,24,17,24,0,0,0
423,22,2,0,1,0,8.25,1,0,0,0,20,24,24,0,0,0
424,19,1,0,0,0,8.333333,1,0,0,0,16,18,24,0,0,0
425,23,5,5,1,0,9.583333,0,1,1,0,24,24,24,0,0,0
426,23,2,3,1,1,9.333333,1,0,1,1,21,24,23,1,1,1
427,19,0,0,2,1,8.75,1,0,1,0,18,15,14,1,0,0
428,19,0,2,2,0,9.833333,0,1,0,0,19,24,22,0,0,1
429,21,3,2,4,1,8.083333,1,0,1,0,21,17,23,1,1,1
430,22,2,1,0,1,8.25,1,0,1,1,21,18,24,1,1,1
431,18,0,0,1,1,9.333333,1,0,1,0,24,21,17,1,0,1
432,18,0,0,0,1,9.166667,1,0,0,0,21,24,19,1,0,1
433,20,4,5,6,0,9.916667,0,1,1,0,15,17,24,1,1,1
434,22,0,0,0,0,8.75,1,0,0,0,13,19,12,0,0,0
435,20,3,6,6,0,9.916667,1,0,1,0,19,17,20,0,0,0
436,21,2,3,2,0,8.833333,1,0,1,0,23,20,22,0,0,0
437,19,1,1,2,1,8.083333,1,0,0,1,17,11,13,1,1,1
438,22,0,1,0,1,9.083333,1,0,0,0,23,23,19,0,0,0
439,24,1,0,1,0,8.25,1,0,1,0,20,17,20,0,0,1
440,24,1,0,2,1,8.25,1,0,1,0,18,22,15,0,0,1
441,20,1,3,0,1,8.083333,1,0,1,0,21,23,21,0,1,1
442,24,3,3,2,1,8.666667,1,0,0,0,12,18,21,0,0,0
443,19,1,2,1,1,8.25,1,0,1,0,22,19,24,1,0,1
444,21,2,1,0,0,8.916667,1,0,1,0,19,15,19,1,1,1
445,20,0,0,0,1,9.166667,1,0,0,0,15,21,16,0,1,0
446,19,0,0,0,1,9.916667,1,0,0,0,19,24,21,0,0,0
447,23,0,0,0,1,8.583333,1,0,0,0,20,16,18,0,0,0
448,24,0,0,0,1,8.583333,0,1,0,0,23,21,24,1,1,1
449,17,1,2,2,0,8.333333,1,0,1,0,19,20,21,0,0,1
450,17,3,2,3,1,9.666667,1,0,0,0,21,18,24,0,0,0
451,18,3,3,4,1,8.333333,1,0,0,0,19,19,17,0,0,0
452,24,3,1,2,0,9.166667,1,0,1,0,17,19,18,1,1,1
453,20,4,0,1,0,9.583333,1,0,1,0,18,16,17,1,1,1
454,22,1,0,0,0,10,1,0,0,1,22,22,22,0,0,0
455,19,1,1,0,1,8.666667,1,0,0,0,19,23,21,0,0,0
456,21,3,3,2,1,8.583333,0,1,0,0,18,18,24,0,0,0
457,19,1,1,4,0,9.583333,0,1,0,0,17,23,22,0,0,0
458,21,0,0,2,1,8.25,0,1,0,0,21,23,23,0,0,0
459,22,2,1,1,0,8.166667,0,1,0,1,20,24,21,0,0,0
460,21,0,0,0,1,8.583333,0,1,0,0,24,13,23,0,1,0
461,23,4,6,4,1,8.416667,0,1,0,0,19,23,22,0,0,0
462,19,2,0,0,1,8.666667,0,1,0,0,23,24,23,0,0,0
463,22,4,4,5,0,9.75,0,1,0,0,22,24,24,0,0,0
464,18,2,2,2,0,8.75,0,1,0,0,22,24,18,1,1,0
465,21,3,1,3,0,9.666667,0,1,0,0,24,22,24,0,0,0
466,22,1,0,2,0,8.583333,0,1,0,0,16,24,22,0,0,0
467,16,1,0,1,1,10,0,1,0,1,15,16,14,1,0,0
468,17,3,2,2,1,9.5,0,1,1,0,13,23,22,1,1,1
469,17,0,2,2,0,8.833333,1,0,1,1,22,20,23,0,1,0
470,25,1,0,0,0,8.416667,1,0,0,0,22,24,24,0,0,0
471,17,2,1,2,1,8,0,1,0,0,13,14,11,1,1,0
472,19,1,0,2,1,9.25,0,1,0,0,19,23,24,1,1,1
473,24,0,0,0,1,9.083333,0,1,0,0,24,24,20,0,0,0
474,20,0,1,0,1,9.25,1,0,1,1,17,12,10,1,1,1
475,23,0,1,1,0,8.916667,1,0,1,0,13,13,19,0,0,0
476,20,0,0,0,0,8,1,0,0,0,20,23,23,0,0,0
477,23,2,4,0,1,8.583333,1,0,0,0,21,24,24,0,0,0
478,19,2,0,0,0,9,1,0,0,1,24,23,24,1,0,0
479,22,2,2,2,1,8.833333,1,0,0,0,15,13,10,0,0,0
480,19,2,2,2,0,9.5,1,0,0,0,20,23,24,0,0,0
481,19,0,1,1,0,10,1,0,0,1,20,16,19,0,0,0
482,22,0,1,5,1,8.916667,1,0,0,0,23,21,16,0,0,0
483,16,0,0,0,1,9.416667,1,0,1,0,18,19,17,0,1,1
484,21,2,4,3,1,9.75,0,1,0,0,17,10,15,0,1,1
485,18,2,1,2,1,9.416667,0,1,0,0,24,21,23,1,1,1
486,18,0,0,0,1,8.916667,0,1,0,0,22,24,24,1,1,0
487,21,3,2,3,0,9.416667,0,1,0,0,24,19,22,1,1,1
488,19,2,3,3,1,9.083333,0,1,0,0,20,20,19,1,0,0
489,21,6,6,3,1,9.583333,0,1,0,0,21,19,24,1,0,1
490,20,0,0,0,1,9.333333,0,1,1,0,17,24,24,1,1,1
491,18,1,0,2,0,9.75,0,1,0,0,11,21,22,1,1,1
492,19,4,4,1,0,8.916667,0,1,1,0,24,19,20,1,1,1
493,22,1,2,2,1,8.25,1,0,1,0,20,24,20,1,1,1
494,21,2,2,2,0,8.833333,1,0,1,1,21,24,22,1,1,1
495,20,0,0,0,0,9.666667,1,0,0,1,22,24,24,0,0,0
496,21,0,0,0,0,8.166667,1,0,0,1,24,24,24,0,0,0
497,19,1,1,1,0,8.083333,1,0,0,0,12,19,24,0,0,0
498,18,1,2,1,0,9,1,0,1,0,22,24,23,1,1,0
499,23,1,0,1,1,9.166667,0,1,0,0,24,21,18,0,0,0
500,21,3,2,3,0,8.916667,0,1,0,0,24,24,24,0,0,0
501,24,1,0,1,1,8.583333,0,1,0,1,21,24,24,0,0,0
502,21,0,2,0,1,9.75,0,1,0,1,12,21,18,0,1,1
503,23,0,0,0,0,8.25,0,1,0,1,14,20,24,0,1,1
504,23,0,0,1,0,8.583333,1,0,0,0,22,23,24,0,0,0
505,20,2,2,1,0,9.75,0,1,0,0,17,20,22,0,0,0
506,25,4,1,2,1,8.583333,0,1,0,0,22,24,18,0,0,0
507,25,0,1,0,0,8.083333,1,0,0,0,24,22,23,0,0,0
508,16,1,1,0,1,9.916667,1,0,1,0,24,21,24,0,0,0
509,18,1,4,4,0,8.416667,1,0,1,0,23,17,19,0,0,0
510,21,1,1,0,1,8.083333,0,1,1,0,19,24,21,1,1,1
511,22,1,1,2,1,8.5,1,0,0,0,21,21,21,0,0,0
512,22,0,2,3,1,8.5,1,0,1,0,22,20,22,0,0,1
513,17,0,0,0,1,8.75,1,0,1,0,21,24,24,0,0,0
514,18,0,0,0,1,10,0,1,0,1,23,24,22,0,1,1
515,18,3,4,3,1,8.333333,0,1,0,1,19,21,23,1,1,0
516,21,6,5,5,0,9,1,0,1,0,17,20,24,1,1,1
517,21,2,1,4,0,9.416667,0,1,0,0,22,22,17,0,0,0
518,19,3,2,0,1,8.666667,1,0,1,0,18,24,24,0,0,0
519,20,0,0,3,1,9.75,1,0,0,0,24,23,16,0,0,0
520,23,1,2,1,1,9.916667,1,0,0,0,21,22,21,0,0,0
521,18,2,4,4,0,9.5,1,0,1,0,12,16,18,1,1,1
522,23,1,0,1,1,8.75,1,0,0,0,22,13,20,0,0,0
523,23,2,1,1,0,8.416667,1,0,0,0,20,21,20,0,0,0
524,19,1,0,1,1,8.666667,1,0,0,0,21,24,18,0,1,0
525,19,4,2,2,1,8.666667,1,0,0,0,20,24,19,0,0,0
526,23,3,3,3,1,9.583333,1,0,0,0,24,23,19,0,0,0
527,24,1,0,2,0,8.916667,1,0,0,0,22,18,21,0,0,0
528,23,3,0,3,0,8.333333,1,0,0,1,20,18,15,0,1,1
529,21,1,2,2,1,9.5,0,1,1,0,20,23,19,1,1,1
530,16,1,3,4,1,10,1,0,0,0,19,17,16,1,1,1
531,20,0,2,1,0,9.166667,1,0,0,0,18,15,23,0,0,0
532,23,1,1,0,1,8.916667,0,1,1,1,23,19,19,0,0,1
533,21,1,2,0,0,9.083333,1,0,0,1,21,17,18,0,0,0
534,17,2,2,4,0,9.25,1,0,1,1,18,14,15,1,1,1
535,24,2,1,2,0,9,1,0,1,0,16,23,22,1,1,1
536,25,3,2,1,1,8,1,0,1,0,17,19,23,1,1,1
537,20,1,1,1,0,9.583333,1,0,1,0,22,18,19,1,0,0
538,24,0,0,0,0,8.75,1,0,0,0,24,24,24,0,0,0
539,20,1,2,0,1,8,0,1,0,0,19,24,23,0,0,0
540,23,2,2,0,1,8.833333,0,1,0,0,17,17,23,0,0,0
541,20,0,0,0,0,9.583333,0,1,1,0,23,21,24,0,0,0
542,19,1,3,1,1,9.833333,0,1,1,0,16,11,16,0,1,0
543,20,1,0,0,1,8.25,0,1,0,1,24,22,24,0,1,1
544,18,1,0,0,1,9.25,0,1,0,1,20,24,24,0,0,1
545,18,3,0,0,0,9.583333,0,1,0,0,24,24,21,0,1,1
546,20,0,0,0,1,9.166667,0,1,0,0,16,24,21,0,1,0
547,18,0,1,4,1,8.25,0,1,0,1,24,24,22,0,0,0
548,23,0,1,2,1,9.666667,1,0,0,1,24,17,22,0,0,0
549,22,1,3,1,0,8.25,1,0,0,1,24,24,21,0,1,1
550,22,0,1,4,1,8.333333,0,1,1,0,23,22,23,1,1,1
551,22,0,1,3,0,9.083333,0,0,0,0,22,23,22,0,0,0
552,24,1,2,1,0,8.083333,0,1,1,1,19,19,22,0,0,0
553,22,0,1,1,0,8.333333,0,0,0,0,9,15,16,0,0,0
554,18,4,0,5,0,10,0,1,0,0,24,24,24,1,1,1
555,17,1,2,2,0,9.416667,1,0,1,0,21,18,24,0,1,1
556,18,4,2,5,1,8.083333,0,0,0,0,18,11,16,1,0,0
557,20,1,2,3,1,8.416667,0,0,1,0,20,21,22,0,0,0
558,18,2,3,1,1,9.416667,0,0,0,1,24,22,23,0,0,0
559,19,4,3,1,0,8,0,0,0,1,14,20,19,0,0,0
560,17,2,2,1,1,8.75,0,0,1,1,15,19,21,0,1,0
561,21,0,0,3,0,8.5,0,0,0,0,23,24,19,0,0,0
562,20,4,4,4,0,8,0,0,1,0,20,15,24,0,0,0
563,22,2,2,2,1,9,0,0,0,0,24,19,19,0,0,0
564,19,2,1,3,1,9,0,1,0,0,15,16,9,1,1,1
565,24,3,1,2,0,9.083333,1,0,1,0,24,16,23,0,1,1
566,20,1,0,1,0,8.166667,1,0,1,1,20,17,16,1,1,1
567,20,1,1,3,1,9.083333,0,0,0,1,19,21,24,1,1,1
568,21,0,0,0,1,8.333333,0,0,0,0,22,19,18,0,0,0
569,20,3,5,3,0,9.416667,1,0,1,0,14,21,24,0,0,0
570,21,3,2,1,0,8.5,1,0,1,0,17,18,23,0,0,0
571,18,0,0,1,0,9.833333,0,0,0,1,24,23,21,1,0,0
572,21,1,1,0,0,9.166667,0,0,0,0,17,14,20,0,0,0
573,20,2,3,1,0,8.25,0,1,1,0,17,19,21,1,1,1
574,20,2,3,1,0,8.25,0,1,1,0,24,23,24,1,1,1
575,24,4,3,2,1,9.083333,0,1,1,0,16,14,22,0,1,1
576,25,1,4,0,1,8,0,1,1,0,19,14,13,0,1,1
577,20,3,0,0,0,8.75,1,0,1,0,15,13,22,1,1,0
578,18,0,0,0,1,9.416667,1,0,1,0,18,14,19,0,0,0
579,19,2,0,1,1,8.083333,0,1,0,1,18,20,21,0,1,0
580,21,2,1,1,0,8.5,1,0,0,0,21,23,22,0,0,0
581,20,1,0,0,0,9.666667,0,1,0,0,21,20,18,1,1,0
